{"cameraMode":{"drawMode":0,"name":"Shaded","section":"Shading Mode"},"sceneLighting":false,"audioPlay":false,"sceneViewState":{"showFog":true,"showMaterialUpdate":false,"showSkybox":false,"showFlares":true,"showImageEffects":true,"showParticleSystems":true},"in2DMode":false,"pivot":{"x":2.833080291748047,"y":3.9866714477539064,"z":-4.501337051391602},"rotation":{"x":-0.11857042461633682,"y":0.6559216380119324,"z":-0.10538963973522186,"w":-0.7379794716835022},"size":22.63846206665039,"orthographic":false}