{"cameraMode":{"drawMode":0,"name":"Shaded","section":"Shading Mode"},"sceneLighting":false,"audioPlay":false,"sceneViewState":{"showFog":true,"showMaterialUpdate":false,"showSkybox":false,"showFlares":true,"showImageEffects":true,"showParticleSystems":true},"in2DMode":false,"pivot":{"x":0.0,"y":5.960464477539063e-8,"z":-1.1920928955078126e-7},"rotation":{"x":-0.08070006966590882,"y":0.8500341773033142,"z":-0.13657701015472413,"w":-0.5022809505462647},"size":0.8660287261009216,"orthographic":false}