{"cameraMode":{"drawMode":0,"name":"Shaded","section":"Shading Mode"},"sceneLighting":false,"audioPlay":false,"sceneViewState":{"showFog":true,"showMaterialUpdate":false,"showSkybox":false,"showFlares":true,"showImageEffects":true,"showParticleSystems":true},"in2DMode":false,"pivot":{"x":-7.27134895324707,"y":0.29310035705566409,"z":-4.002023696899414},"rotation":{"x":-0.26492053270339968,"y":0.6202776432037354,"z":-0.23476146161556245,"w":-0.6999903321266174},"size":12.554176330566407,"orthographic":false}